Julius,Narkunas,julius.nar@gmail.com,JuliusNer1
Jurate,Kelyte,jur.kel@gmail.com,qwert1234
Jurijus,Kuolis,jurijusss@gmail.com,Jura4ka
Kamile,Rynkun,kam.ryn@gmail.com,23456qwert
Ema,Sinkeviciute,emmasi939@gmail.com,khdfbvjebkvje
Kotryna,Rudokaite,kotr@gmail.com,kortyna
Kajus,Bekesas,kaj.bekes@gmial.com,sijfdhivue34
Karolina,Narkunas,judlius.nar@gmail.com,JuliusNer1
Haroldas,Giedra,har.giedra@gmail.com,qwert1234
Danielius,Junevicius,danjan@gmail.com,danjan234
Conor,Maynard,conor@gmail.com,conor456
Ramune,Baltoji,ramune123@gmail.com,ramune123
Rytis,Cicinas,ryciukas@gmail.com,fjeiufi
Tomas,Grinius,tomas.grinius@gmail.com,tomas123
Tadas,Kurpavicius,tadas.k@gmail.com,tadas123
Kajus,Orsauskas,kajus@outlook.com,iseufvbieub
Inga,Rudokiene,inga123@gmail.com,iuehvbkj
